family,name,class,cap_diameter,cap_shape,Cap_surface,cap_color,does_bruise_or_bleed,gill_attachment,gill_spacing,gill_color,stem_height,stem_width,stem_root,stem_surface,stem_color,veil_type,veil_color,has_ring,ring_type,Spore_print_color,habitat,season
Amanita_Family,Fly_Agaric,p,"[10, 20]","[x, f]","[g, h]","[e, o]",[f],[e],,[w],"[15, 20]","[15, 20]",[s],[y],[w],[u],[w],[t],"[g, p]",,[d],"[u, a, w]"
Amanita_Family,Panther_Cap,p,"[5, 10]","[p, x]",[g],[n],[f],[e],,[w],"[6, 10]","[10, 20]",,[y],[w],[u],[w],[t],[p],,[d],"[u, a]"
Amanita_Family,False_Panther_Cap,p,"[10, 15]","[x, f]",,"[g, n]",[f],[e],,[w],"[10, 12]","[10, 20]",,,[w],[u],[w],[t],"[e, g]",,[d],"[u, a]"
Amanita_Family,The_Blusher,e,"[5, 15]","[x, f]",,[n],[t],,,[w],"[7, 15]","[10, 25]",[b],,[w],[u],[w],[t],[g],,[d],"[u, a]"
Amanita_Family,Death_Cap,p,"[5, 12]","[x, f]",[h],[r],[f],,[c],[w],"[10, 12]","[10, 20]",,,[w],[u],[w],[t],"[g, p]",,[d],"[u, a]"
Amanita_Family,False_Death_Cap,e,"[4, 9]",[x],,"[w, y]",[f],[e],,[w],"[5, 7]","[10, 15]",[b],,"[w, y]",[u],"[y, w]",[t],[g],,[d],"[u, a]"
Amanita_Family,Destroying_Angel,p,"[5, 10]",[b],[t],[w],[f],[e],[c],[w],"[10, 15]","[10, 15]",,[y],[w],[u],[w],[t],"[l, e]",,[d],"[u, a]"
Amanita_Family,Tawny_Grisette,e,"[4, 8]","[c, x]","[h, t]",[n],[f],[e],,[w],"[10, 15]","[10, 15]",,[s],"[w, n]",[u],[w],[f],[f],,[d],"[u, a]"
Lepiota_Family,Parasol_Mushroom,e,"[10, 25]","[p, f]",[y],"[w, n]",[f],,,[w],"[15, 35]","[15, 25]",[s],,[n],,,[t],[m],,"[m, d]","[u, a]"
Lepiota_Family,Shaggy_Parasol,e,"[12, 18]",[x],"[e, y]",[n],[t],[e],,[w],"[8, 12]","[15, 20]",,,[w],,,[t],,,"[g, d]","[u, a]"
Lepiota_Family,Stinking_Parasol,p,"[2, 5]","[b, f]",[y],"[e, n, p, w]",[f],[e],[c],"[n, w]","[3, 6]","[3, 4]",,[k],[w],,,[t],[e],,"[m, d]","[u, a]"
Tricholoma_Family,Saffron_Parasol,p,"[2, 5]",[x],[y],"[y, n]",[f],[a],,[w],"[4, 7]","[3, 4]",,[y],"[y, n]",,,[t],[r],,"[g, h, d]","[u, a]"
Tricholoma_Family,The_Deceiver,e,"[1, 4]","[f, s]",[y],[n],[f],"[a, d]",[d],[p],"[3, 10]","[2, 5]",,[i],[n],,,[f],[f],,"[l, h]","[u, a]"
Tricholoma_Family,Amethyst_Deceiver,e,"[1, 4]",[x],,"[b, u]",[f],,[d],"[u, w]","[4, 8]","[3, 6]",,,[w],,,[f],[f],,[d],"[u, a, w]"
Tricholoma_Family,Wood_Blewit,e,"[5, 15]","[f, s]",,"[l, u, g, n]",[f],[s],[c],"[b, u]","[5, 10]","[15, 25]",,,"[b, u]",,,[f],[f],,"[l, d]","[a, w]"
Tricholoma_Family,Field_Blewit,e,"[5, 12]","[x, f, s]",,"[g, n]",[f],[s],[c],"[g, p]","[4, 10]","[15, 25]",[b],,[u],,,[f],[f],,"[g, d]","[a, w]"
Tricholoma_Family,Clouded_Agaric,e,"[8, 20]","[x, f, s]",[e],"[g, n]",[f],"[a, d]",[c],[w],"[5, 12]","[20, 30]",[s],,[w],,,[f],[f],,"[l, d]","[a, w]"
Tricholoma_Family,Club_footed_Funnel_Cap,p,"[4, 8]","[x, f]",,"[g, n]",[f],[d],[c],"[w, y]","[4, 7]",[10],[b],,[n],,,[f],[f],,"[l, d]","[a, w]"
Tricholoma_Family,Common_Funnel_Cap,e,"[4, 8]",[s],,[n],[f],[d],[c],[w],"[3, 7]","[6, 10]",,[s],[w],,,[f],[f],,"[l, d, h]","[u, a]"
Tricholoma_Family,Aniseed_Funnel_Cap,e,"[3, 6]",[x],,"[l, r, w]",[f],"[a, d]",,[r],"[4, 8]","[5, 10]",,,"[l, r, w]",,,[f],[f],,"[l, d]","[u, a]"
Tricholoma_Family,Ivory_Clitocybe,p,"[2, 4]","[x, f, s]",[s],"[w, g]",[f],[d],[c],[w],"[2, 4]","[5, 10]",,,[w],,,[f],[f],,[g],"[u, a]"
Tricholoma_Family,Wood_Woolly_foot,p,"[3, 6]",[f],[l],"[n, e, y]",[f],[x],[d],"[n, e, y]","[4, 8]","[4, 6]",,,"[n, y]",,,[f],[f],,"[l, d]","[u, a]"
Tricholoma_Family,Russet_Tough_Shank,p,"[2, 5]",[f],[d],"[n, b]",[f],[x],[c],"[w, y]","[3, 6]","[2, 4]",[b],"[i, s]",[n],,,[f],[f],,"[l, d]","[u, a]"
Tricholoma_Family,Clustered_Tough_Shank,p,"[2, 5]","[x, f]",,"[n, w]",[f],[x],[c],[p],"[6, 10]","[3, 5]",,,"[n, p]",,,[f],[f],,"[l, d]","[u, a]"
Tricholoma_Family,Greasy_Tough_Shank,e,"[4, 8]","[x, f]",[s],"[n, b]",[f],[x],[c],[w],"[5, 9]",[10],,[s],[n],,,[f],[f],,[l],"[a, w]"
Tricholoma_Family,Spotted_Tough_Shank,p,"[6, 12]","[x, f]",,"[w, n]",[f],[x],[c],[w],"[8, 12]","[8, 15]",[r],[i],[w],,,[f],[f],,"[d, h]","[u, a]"
Tricholoma_Family,Fairy_Ring_Champignon,e,"[2, 5]",[b],[g],"[n ,w]",[f],[x],[d],[w],"[3, 6]","[2, 4]",,,[y],,,[f],[f],,[g],"[u, a]"
Tricholoma_Family,Little_Wheel_Fungus,p,"[0.7, 1.3]",[x],[g],[w],[f],[a],[d],[w],"[2, 4]","[1, 2]",,,"[n, e]",,,[f],[f],,"[l, d]","[u, a]"
Tricholoma_Family,Horse_hair_Fungus,p,"[0.5, 1]",[x],[g],"[n, p, e]",[f],[a],,"[n, p]","[3, 5]",[1],,"[s, h]",[k],,,[f],[f],,[d],"[s, u, a, w]"
Tricholoma_Family,Bonnet_Bell_Cap,e,"[2, 6]","[b, f]",[g],"[n, g]",[f],[a],[d],[g],"[3, 8]","[2, 5]",,[s],"[n, g]",,,[f],[f],,[d],"[s, u, a, w]"
Tricholoma_Family,Stump_Bell_Cap,p,"[1, 3]",[b],,"[g, n]",[f],[a],,[g],"[4, 6]",[2],,[s],"[g, n]",,,[f],[f],,[d],"[u, a]"
Tricholoma_Family,Tufted_Bell_Cap,p,"[2, 3]",[x],[g],"[e, n]",[f],[a],,"[w, p]","[4, 10]","[2, 3]",,,"[n, w]",,,[f],[f],,[d],"[u, a]"
Tricholoma_Family,Milky_Bell_Cap,e,"[1, 2]",[c],[g],[n],[f],[a],,"[g, w]","[4, 6]","[1, 2]",,,[g],,,[f],[f],,"[l, d]","[u, a]"
Tricholoma_Family,Small_Bleeding_Bell_Cap,e,"[0.5, 1.5]","[c, x, f]",[g],"[n, e]",[t],[a],,"[p, w]","[4, 7]",[1],,,[n],,,[f],[f],,"[d, h]","[u, a]"
Tricholoma_Family,Lilac_Bell_Cap,p,"[2, 5]","[b, f, s]",[w],[u],[f],[a],[c],"[g, u]","[3, 8]","[3, 8]",,[s],[u],,,[f],[f],,"[l, d]","[u, a]"
Tricholoma_Family,Yellow_stemmed_Bell_Cap,e,"[1, 2]",[x],"[g, s, t]","[n, y]",[f],"[a, d]",,[w],"[4, 8]","[1, 3]",,[t],[y],,,[f],[f],,"[g, d, h]","[u, a]"
Tricholoma_Family,Orange_Bell_Cap,p,"[0.4, 1]",[x],[g],"[o, y]",[f],,,[y],"[3, 4]","[0.5, 1]",,,"[w, y]",,,[f],[f],,[d],"[u, a]"
Tricholoma_Family,Orange_Moss_Agaric,p,"[0.4, 1]","[x, f]",,[o],[f],[d],,[o],"[3, 6]",[1],,,"[o, y]",,,[f],[f],[w],[g],"[u, a]"
Tricholoma_Family,Umbrella_Navel_Cap,p,"[1, 2]",[x],[g],"[n, y]",[f],[d],[d],[n],"[1, 3]","[2, 3]",,[s],[n],,,[f],[f],,"[d, h]","[u, a]"
Tricholoma_Family,Rooting_Shank,p,"[4, 10]","[x, f]","[h, t, w]","[n, e]",[f],[x],,[w],"[8, 20]","[5, 10]",[r],[g],[n],,,[f],[f],,[d],"[u, a]"
Tricholoma_Family,Porcelain_Mushroom,e,"[4, 8]",[x],"[h, t]","[g, n]",[f],[a],[d],[n],"[4, 8]","[3, 7]",,[t],"[g, w]",,,[t],[l],,[d],"[u, a, w]"
Tricholoma_Family,Velvet_Shank,e,"[2, 7]","[x, f]","[h, t]","[o, n]",[f],[a],[d],"[w, y]","[3, 10]","[3, 8]",,"[k, s]","[o, n]",,,[f],[f],,[d],"[s, a, w]"
Tricholoma_Family,Honey_Fungus,e,"[5, 15]","[x, f]",[s],"[e, n, y]",[f],"[a, d]",[d],[w],"[6, 12]","[10, 20]",,[i],[n],,,[t],,[w],[d],"[u, a, w]"
Tricholoma_Family,Bulbous_Honey_Fungus,e,"[5, 15]","[x, f]",[y],"[e, n, y]",[f],,,[w],"[4, 10]","[20, 30]",[b],,[n],,[w],[t],[e],,[d],"[a, w]"
Tricholoma_Family,Soap_scented_Tricholoma,p,"[3, 10]",[x],[s],"[g, r, n]",[t],[s],[d],"[w, r]","[3, 8]","[10, 20]",[r],"[i, y]","[w, n]",,,[f],[f],,[d],"[u, a]"
Tricholoma_Family,Grey_Tricholoma,e,"[4, 8]","[b, f]",[h],"[g, k]",[f],[s],[d],"[g, w]","[3, 7]",[10],,[s],[g],,,[f],[f],,[d],"[u, a]"
Tricholoma_Family,Scaly_Tricholoma,e,"[3, 7]","[x, f]",[y],"[g, n]",[f],[s],,"[g, w, y]","[3, 6]","[5, 10]",,,[w],,,[f],[f],,[d],"[u, a]"
Tricholoma_Family,Yellow_brown_Tricholoma,e,"[5, 10]",[f],"[g, s, h, t]","[n, o]",[f],[s],,"[n, y]","[7, 11]","[10, 15]",,"[i, t]","[n, o]",,,[f],[f],,[d],[a]
Tricholoma_Family,Sulphur_Tricholoma,p,"[3, 8]","[x, f]",,[y],[f],[s],[d],[y],"[3, 8]","[8, 18]",,[i],[y],,,[f],[f],,[d],[a]
Tricholoma_Family,St_George's_Mushroom,e,"[5, 12]","[x, f]","[d, s]",[w],[f],[s],[c],[w],"[4, 10]","[20, 40]",,,[w],,,[f],[f],,"[m, d]","[s, u]"
Tricholoma_Family,Clustered_Brown_Cap,e,"[6, 10]","[p, x]",,"[g, n]",[f],[a],,[w],"[5, 10]","[10, 18]",,,"[g, w]",,,[f],[f],,"[g, d]","[u, a]"
Tricholoma_Family,Changeable_Melanoleuca,e,"[4, 10]",[f],[s],[n],[f],[s],[c],[w],"[4, 8]",[10],[b],[i],"[n, w]",,,[f],[f],,"[g, l, m, d]","[u, a]"
Tricholoma_Family,Plums_and_custard,p,"[4, 12]",[f],[y],"[e, u, y]",[f],[s],[c],[y],"[4, 10]","[10, 25]",,[y],"[e, u, y]",,,[f],[f],,[d],[a]
Wax Gill_Family,Ivory_Wax_Cap,e,"[2, 5]","[x, f]",[s],[w],[f],[d],[d],[w],"[2, 5]","[4, 8]",,,[w],,,[f],[f],,"[g, m]","[a, w]"
Wax Gill_Family,Yellow_Wax_cap,p,"[3, 6]",[x],"[h, s, t]","[o, y]",[f],[a],[c],[y],"[5, 7]","[5, 10]",,[g],[o],,,[f],[f],,[g],"[u, a]"
Wax Gill_Family,Orange_red_Wax_Cap,p,"[1, 4]","[x, f]","[s, y]",[o],[f],"[a, d]",,"[o, y]","[2, 4]","[4, 7]",,,"[o, y]",,,[f],[f],,"[m, h]",[a]
Wax Gill_Family,Blackening_Wax_Cap,p,"[4, 7]","[b, x]","[s, i]","[e, o, k]",[f],[e],,"[y, g, k]","[4, 10]","[5, 10]",,,"[y, o, k]",,,[f],[f],,"[g, m]","[u, a]"
Wax Gill_Family,Meadow_Wax_Cap,e,"[3, 10]","[x, f, s]","[s, d]","[o, b]",[f],[d],[d],"[o, b]","[4, 8]","[10, 15]",,,[w],,,[f],[f],,"[g, m, d]","[a, w]"
Wax Gill_Family,Scarlet_Hood,e,"[2, 5]",[x],"[h, s, d]","[o, p, e]",[f],[a],[c],"[o, e]","[3, 6]","[5, 8]",,,"[o, e]",,,[f],[f],,"[g, m]","[u, a, w]"
Wax Gill_Family,Parrot_Wax_Cap,p,"[2, 4]","[b, f]","[t, w, d]","[r, p, y]",[f],[a],,"[r, y]","[4, 6]","[4, 8]",,[t],"[r, y]",,,[f],[f],,"[g, m, d]","[u, a]"
Wax Gill_Family,Herald_of_Winter,e,"[3, 5]","[x, f]",[t],[n],[f],[d],,[o],"[5, 7]","[5, 10]",,[t],"[w, o]",,,[f],[f],,[d],"[a, w]"
Russula_Family,Common_Yellow_Russula,e,"[4, 10]","[x, f, s]",,[y],[f],[a],[c],[w],"[4, 8]","[10, 20]",,,"[g,  w]",,,[f],[f],,[d],"[u, a, w]"
Russula_Family,Yellow_gilled_Russula,e,"[2, 6]",[x],,[y],[f],[a],[c],"[o, y]","[2, 6]","[6, 12]",,,[w],,,[f],[f],,[d],"[u, a]"
Russula_Family,Yellow_Swamp_Russula,e,"[4, 10]",[x],"[h, t]",[y],[t],[x],[c],[y],"[5, 10]","[10, 20]",,,[w],,,[f],[f],,[d],"[u, a]"
Russula_Family,Geranium_scented_Russula,p,"[4, 10]","[x, f, s]",[t],"[n, y]",[f],[x],[c],[y],"[3, 8]","[10, 20]",,,[y],,,[f],[f],,[d],[a]
Russula_Family,Stinking_Russula,p,"[6, 15]",[x],[t],[n],[f],[a],[d],[w],"[6, 15]","[20, 40]",,,[w],,,[f],[f],,[d],"[u, a]"
Russula_Family,Fragile_Russula,p,"[2, 6]","[f, s]",,[u],[f],[a],,[w],"[3, 6]","[5, 10]",,,"[w, y]",,,[f],[f],,[d],"[u, a]"
Russula_Family,Birch_Russula,p,"[2, 6]","[x, f]",,"[b, p, e, y]",[f],[x],,[w],"[3, 7]","[5, 8]",,,[w],,,[f],[f],,[d],"[u, a]"
Russula_Family,Bare_toothed_Russula,e,"[5, 10]","[x, f]",,"[n, p, e]",[f],[x],[c],[w],"[4, 10]","[10, 25]",,[s],[w],,,[f],[f],,[d],"[u, a]"
Russula_Family,The_Charcoal_Burner,e,"[5, 15]",[x],[e],"[l, y]",[f],[x],[c],[w],"[5, 10]","[10, 30]",,,[w],,,[f],[f],,[d],"[u, a]"
Russula_Family,Blackish_Purple_Russula,e,"[4, 12]","[x, f]",[s],"[u, k]",[f],[a],[c],[w],"[3, 6]","[10, 20]",,,[w],,,[f],[f],,[d],"[u, a]"
Russula_Family,Blackening_Russula,e,"[8, 25]","[x, f, s]","[s, t]","[k, n, w]",[f],[a],[d],"[y, k]","[4, 10]","[15, 30]",,,[w],,,[f],[f],[w],[d],"[u, a, w]"
Russula_Family,The_Sickener,p,"[5, 10]","[x, f]","[h, t]",[e],[f],[x],[d],[w],"[4, 8]","[15, 20]",[b],,[w],,,[f],[f],,[d],"[u, a]"
Russula_Family,Beechwood_Sickener,p,"[3, 7]",[x],,"[e, p, w]",[f],,[c],"[g, r, w]","[2, 5]","[10, 15]",,,[y],,,[f],[f],,[d],[a]
Russula_Family,Crab_scented_Russula,e,"[7, 15]","[x, f, s]",[s],"[n, r, u, y]",[f],[x],,[n],"[4, 10]","[15, 30]",,,"[n, p, w]",,,[f],[f],,[d],"[u, a, w]"
Russula_Family,Grass_green_Russula,p,"[5, 10]",[f],,"[r, y]",[f],[x],[c],"[y, n]","[5, 8]","[8, 15]",,,[w],,,[f],[f],,[d],"[u, a]"
Russula_Family,Peppery_Milk_Cap,e,"[8, 15]",[s],,[w],[t],[d],[c],"[w, p, y]","[4, 8]","[20, 30]",,,[w],,,[f],[f],,[d],"[u, a]"
Russula_Family,Fleecy_Milk_Cap,p,"[10, 25]","[x, f, s]",[k],[w],[t],[d],[d],"[w, n]","[4, 10]","[20, 40]",,,[w],,,[f],[f],,[d],"[u, a, w]"
Russula_Family,Oak_Milk_Cap,p,"[4, 9]","[x, s]",[d],"[n, e]",[t],[d],[c],"[n, w]","[4, 10]","[6, 12]",,,"[e, n]",,,[f],[f],,[d],[a]
Russula_Family,Slimy_Milk_Cap,p,"[5, 10]",[s],"[h, t]","[g, r, n]",[t],[d],,"[w, g]","[4, 5]","[10, 15]",,[t],"[g, r, n]",,,[f],[f],,[d],"[u, a]"
Russula_Family,Ugly_Milk_Cap,p,"[7, 20]","[x, f, s]",[t],"[g, r, k, n]",[t],[d],[c],"[w, b, n]","[4, 6]","[20, 30]",,,"[g, r, n]",,,[f],[f],,"[g, l, d]","[u, a]"
Russula_Family,Rufous_Milk_Cap,p,"[4, 10]","[f, s]",[d],"[n, e]",[t],[d],[c],"[y, w]","[4, 8]","[6, 12]",,,"[n, e]",,,[f],[f],,[d],"[u, a]"
Russula_Family,Sweet_Milk_Cap,p,"[3, 8]",[s],,"[e, n]",[t],[d],[c],"[b, p, w]","[4, 8]","[4, 8]",,,"[e, n]",,,[f],[f],,[d],"[u, a]"
Russula_Family,Small_Brown_Milk_Cap,p,"[2, 4]","[f, s]",[w],"[n, o]",[t],[d],[c],"[n, y]","[2, 5]","[4, 8]",,,[n],,,[f],[f],,[d],"[u, a]"
Russula_Family,Coconut_scented_Milk_Cap,e,"[2, 5]","[f, s]",[d],"[g, u, n, p]",[t],[d],[c],[p],"[3, 6]","[4, 8]",,,"[g, n]",,,[f],[f],,[d],"[u, a]"
Russula_Family,Woolly_Milk_Cap,p,"[6, 12]",[s],[t],[p],[t],[d],[c],[p],"[6, 10]","[10, 20]",,,[p],,,[t],[f],,[d],"[u, a]"
Russula_Family,Saffron_Milk_Cap,e,"[5, 15]",[s],[t],"[w, p, o]",[t],[d],[c],[o],"[4, 8]","[15, 20]",,,[w],,,[f],[f],,[d],"[u, a]"
Russula_Family,Spruce_Milk_Cap,p,"[5, 12]",[s],,"[o, y, r]",[t],[d],,[o],"[3, 7]","[10, 15]",,,[w],,,[t],[f],,[d],"[u, a]"
Pluteus_Family,Fawn_Pluteus,e,"[6, 12]",[x],[s],[n],[f],[e],[c],"[w, p]","[4, 10]","[8, 12]",,[i],"[w, n]",,,[f],[f],[p],[d],"[s, u, a, w]"
Pluteus_Family,Veined_Pluteus,e,"[4, 9]",[x],[y],[n],[f],[e],[c],"[p, w]","[3, 8]","[8, 12]",,[y],[n],,,[f],[f],,[d],"[u, a]"
Entoloma_Family,Silky_Nolanea,p,"[2, 5]","[x, f]",[k],"[n, w]",[f],[s],,[p],"[3, 5]","[2, 4]",,,[n],,,[f],[f],[p],[g],"[u, a]"
Entoloma_Family,Striated_Nolanea,p,"[3, 5]","[b, f]",[t],[n],[f],[x],[c],[p],"[4, 8]","[3, 6]",,[i],"[n, g]",,,[f],[f],,"[g, m, d]","[u, a]"
Entoloma_Family,White_Leptonia,p,"[2, 4]","[x, s]",[d],[w],[f],"[a, d]",[d],"[p, w]","[2, 5]","[2, 3]",,[h],[w],,,[f],[f],,[g],"[u, a]"
Entoloma_Family,Blue_Leptonia,p,"[1, 3]","[x, f]",[i],"[l, k]",[f],[a],,"[p, w]","[2, 6]","[2, 3]",,,[w],,,[f],[f],[p],[g],"[u, a]"
Entoloma_Family,Livid_Entoloma,p,"[6, 18]",[x],"[s, h]","[w, y, g, n]",[f],[s],,"[p, y]","[5, 10]","[15, 20]",,[i],[n],,,[f],[f],,[d],"[u, a]"
Entoloma_Family,The_Miller,e,"[4, 10]","[x, s]",[l],[w],[f],[d],,"[p, w]","[3, 4]","[6, 12]",,,[w],,,[f],[f],,"[g, d]","[u, a]"
Entoloma_Family,Apricot_Fungus,p,"[5, 10]","[x, f]",[w],[p],[f],[s],[c],[p],"[3, 6]","[8, 12]",,,[p],,,[f],[f],,[d],"[a, w]"
Bolbitius_Family,Egg_Yolk_Fungus,p,"[1, 3]","[c, f]","[h, t]","[y, n]",[f],,,"[y, n]","[5, 10]","[2, 4]",,,[y],,,[f],[f],,[g],"[u, a]"
Bolbitius_Family,Brown_Bell_Cap,p,"[1, 3]",[b],[g],"[n, o, y, w]",[f],,[c],[n],"[4, 8]","[2, 4]",,,[n],,,[f],[f],,"[g, m, d]","[s, u, a]"
Bolbitius_Family,Spring_Agaric,e,"[3, 6]",[x],,"[n, w]",[f],[x],[c],"[w, n]","[7, 9]","[6, 12]",[b],,"[n, w]",,[w],[t],,,"[g, d]","[s, u, a]"
Stropharia_Family,Shaggy_Pholiota,p,"[4, 12]",[x],[y],"[y, n]",[f],[a],[c],"[y, n]","[6, 15]","[7, 15]",,[y],"[y, n]",,,[t],,,[d],"[u, a]"
Stropharia_Family,Charcoal_Pholiota,p,"[2, 6]",[x],"[h, t]","[n, o]",[f],[a],[c],[n],"[3, 6]","[4, 8]",,[y],"[n, o]",,,[t],[z],,[d],"[a, w]"
Stropharia_Family,Brown_Stew_Fungus,e,"[3, 8]",[x],[h],[n],[f],[x],[c],"[w, n]","[3, 8]","[4, 8]",,"[y, s]",[n],,,[t],[r],,[d],"[s, u, a, w]"
Stropharia_Family,Sulphur_Tuft,p,"[2, 6]","[b, x]",[s],[y],[f],,[c],"[y, r, k]","[5, 12]","[5, 10]",,,[y],[u],[w],[t],[z],"[k, r]",[d],"[s, u, a, w]"
Stropharia_Family,Brick_Caps,p,"[4, 8]",[x],[e],[e],[f],[a],,"[w, y, g, n]","[6, 10]","[8, 12]",,,"[y, e, n]",,[w],[t],[z],,[d],[a]
Stropharia_Family,Verdigris_Toadstool,p,"[2, 6]","[b, x]","[h, t, y]","[r, l]",[f],[s],[c],"[g, n, u]","[4, 8]","[5, 10]",,[y],"[w, l, n]",,,[t],[e],"[k, u]","[g, m, d]","[u, a]"
Stropharia_Family,Dung_Roundhead,p,"[1, 3]",[p],[t],[n],[f],[a],[c],"[g, n]","[4, 10]","[2, 3]",,[t],[y],,,[t],[e],,[m],"[s, u, a]"
Stropharia_Family,Magic_Mushroom,p,"[0.5, 1.5]",[b],[t],"[n, y]",[f],,[c],"[g, k]","[2, 5]","[2, 3]",,,[n],,,[t],[f],,"[g, m]","[u, a]"
Cortinarius_Family,Red_banded_Cortinarius,p,"[6, 12]",[x],"[i, e]",[n],[f],[a],,[n],"[6, 15]","[10, 20]",[s],,[n],,"[e, n]",[f],[f],,"[d, h]",[a]
Cortinarius_Family,Purple_Cortinarius,p,"[5, 12]",[x],,"[g, u, n]",[t],[x],,"[n, u]","[6, 12]","[15, 25]",[s],,"[g, u, n]",,[u],[f],[f],,[d],[a]
Cortinarius_Family,Blood_red_Cortinarius,p,"[2, 5]",[x],[i],[e],[f],,,[e],"[3, 6]","[3, 8]",,,[e],,,[f],[f],[n],[d],[a]
Cortinarius_Family,Red_staining_Inocybe,p,"[3, 8]",[c],"[k, e]","[w, y]",[t],[x],[c],"[p, y, r]","[3, 10]","[10, 15]",,,[w],,,[f],[f],,"[g, d]","[s, u, a]"
Cortinarius_Family,Straw_coloured_Inocybe,p,"[3, 7]",[c],[i],[y],[f],,[c],"[n, r]","[5, 8]","[5, 10]",,,[w],,,[f],[f],,[d],"[u, a]"
Cortinarius_Family,Common_White_Inocybe,p,"[1, 4]","[c, f]",,"[w, u]",[f],[a],[c],"[w, n]","[2, 5]","[3, 4]",,[i],"[w, u]",,,[f],[f],,"[p, d]","[u, a]"
Cortinarius_Family,Poison_Pie,p,"[4, 10]",[x],"[s, t]",[n],[f],[s],,"[g, n]","[4, 7]","[5, 10]",,[y],[n],,,[f],[f],,[d],"[a, w]"
Cortinarius_Family,Dark_centred_Hebeloma,p,"[2, 5]",[x],[t],[n],[f],[s],[c],"[n, p]","[4, 7]","[5, 12]",,,[w],,[n],[t],[z],,[d],"[u, a]"
Cortinarius_Family,Rusty_Wood_Rotter,p,"[4, 8]","[b, x, f]","[d, k]",[n],[f],"[a, d]",[c],"[y, n]","[4, 7]","[5, 8]",,[i],"[y, n]",,,[t],,,[d],"[u, a]"
Cortinarius_Family,Spectacular_Gymnopile,p,"[6, 15]",[x],"[d, e, y, i]","[y, o]",[f],[a],,"[o, y]","[6, 18]","[15, 30]",[r],,"[o, y]",,,[t],[r],[n],[d],"[u, a, w]"
Cortinarius_Family,Moss_Pixy_Cap,p,"[1, 2]",[b],[h],[n],[f],[a],,[n],"[3, 6]","[1, 2]",,[t],[n],,,[f],[f],,"[g, h, d]","[s, u, a]"
Mushroom_Family,Field_Mushroom,e,"[3, 10]","[p, x, f]","[s, y]",[w],[f],[e],[c],"[p, n, k]","[3, 7]","[10, 15]",,,[w],,[w],[t],[e],,"[g, m]","[u, a]"
Mushroom_Family,Cultivated_Mushroom,e,"[3, 10]","[f, x]","[i, y]",[n],[f],[e],[c],"[p, n]","[3, 6]","[10, 15]",,,[w],,,[t],"[l, r]",,[w],"[u, a]"
Mushroom_Family,Horse_Mushroom,e,"[5, 20]","[p, x, f]",[s],"[w, n]",[t],[e],,"[g, n]","[5, 15]","[15, 20]",[s],,[w],,,[t],"[l, r]",,[m],"[u, a]"
Mushroom_Family,Yellow_staining_Mushroom,p,"[5, 10]",[x],[y],[w],[t],,,"[w, g, p, n]","[6, 10]","[10, 18]",[s],,[w],,,[t],[l],,"[g, d]","[u, a]"
Mushroom_Family,Bleeding_Brown_Mushroom,e,"[8, 12]","[p, x]","[i, y]",[n],[t],[e],,[p],"[8, 10]","[15, 20]",,[y],[w],,,[t],"[l, p]",,"[l, d]",[a]
Ink Cap_Family,Shaggy_Ink_Cap,e,"[5, 15]","[p, f]","[y, s]",[w],[f],[e],[c],"[k, p, w]","[8, 30]","[10, 15]",,[s],[w],,,[t],[e],,"[g, u, d]","[s, u, a, w]"
Ink Cap_Family,Common_Ink_Cap,p,"[4, 8]","[p, b]","[s, y]","[g, n]",[f],,,"[w, g, k]","[5, 15]","[10, 15]",,[s],[w],,,[t],[z],,"[g, d]","[s, u, a, w]"
Ink Cap_Family,Magpie_Ink_Cap,p,"[6, 10]","[p, b]",[y],"[w, n]",[f],,,"[k, p]","[10, 20]","[15, 20]",,,[w],,,[f],[f],,[d],[a]
Ink Cap_Family,Rusty_Carpet_Ink_Cap,p,"[2, 5]",[b],[y],[n],[f],,[c],"[w, g, u]","[4, 8]","[4, 5]",[s],[s],[w],,,[f],[f],,[d],"[u, a]"
Ink Cap_Family,Glistening_Ink_Cap,e,"[2, 4]",[b],[y],[n],[f],,[c],"[k, n]","[5, 8]","[2, 4]",,,[w],,,[f],[f],,[d],"[s, u, a, w]"
Ink Cap_Family,Fairies'_Bonnets,e,"[0.5, 1.5]","[p, b]",[g],"[w, g]",[f],,,[g],"[2, 4]","[1, 2]",,,[w],,,[f],[f],,[d],"[s, u, a, w]"
Ink Cap_Family,Fairy_Parasol,e,"[1, 2]","[x, f]",[w],"[n, g]",[f],,[d],"[g, k]","[4, 6]","[2, 3]",,,[w],,,[f],[f],,"[g, d]","[s, u, a, w]"
Ink Cap_Family,Common_Crumble_Cap,e,"[3, 6]","[x, f]",,"[n, y, w]",[f],[x],[c],"[w, u, g, n]","[5, 8]","[3, 5]",,,[w],,,[f],[f],,[d],"[u, a]"
Ink Cap_Family,Two_toned_Crumble_Cap,e,"[2, 5]","[x, f]",[h],[n],[f],,[c],"[k, n]","[4, 8]","[5, 8]",,[s],[w],,[w],[f],[f],[k],[d],"[u, a]"
Ink Cap_Family,Hay_Cap,p,"[1, 2]",[x],,[n],[f],,,"[k, n]","[4, 6]","[2, 3]",,[s],[n],,,[f],[f],[k],[g],"[u, a]"
Ink Cap_Family,Petticoat_Fungus,p,"[2, 4]",[b],,"[g, n, k]",[f],[a],,"[k, n]","[6, 12]","[2, 3]",,,"[g, n]",,[w],[f],[f],[k],[g],"[u, a]"
Ink Cap_Family,Egg_shell_Toadstool,p,"[2, 6]",[b],"[t, h]",[n],[f],,,"[k, n]","[5, 15]","[4, 8]",,,[w],,,[t],,[k],[g],"[u, a, w]"
Ink Cap_Family,Weeping_Widow,p,"[5, 10]",[x],[i],"[n, y]",[f],[a],[c],"[k, n]","[6, 10]","[6, 10]",,[i],[n],,[k],[t],[z],[k],"[g, d]","[u, a]"
Bolete_Family,Cep,e,"[8, 30]","[x, p]","[w, t]",[n],[f],[p],,"[w, y]","[8, 25]","[40, 100]",,,[n],,,[f],[f],,[d],"[u, a]"
Bolete_Family,Bay_Bolete,e,"[7, 15]",[x],"[h, t]",[n],[t],[p],,[y],"[5, 12]","[20, 25]",,,[n],,,[f],[f],,[d],"[u, a]"
Bolete_Family,Red_cracked_Bolete,e,"[5, 10]",[x],[d],"[n, y, e]",[t],[p],,"[y, r]","[4, 8]","[10, 15]",,,"[e, y]",,,[f],[f],,[d],"[u, a]"
Bolete_Family,Yellow_cracked_Bolete,e,"[3, 10]",[x],[d],"[n, y]",[t],[p],,[y],"[4, 10]","[10, 20]",,,[y],,,[f],[f],,[d],"[u, a]"
Bolete_Family,Dotted_stemmed_Bolete,p,"[8, 20]",[x],"[e, k, s, h]",[n],[t],[p],,"[y, o, e]","[6, 12]","[20, 40]",[c],,[y],,,[f],[f],,[d],"[u, a]"
Bolete_Family,Lurid_Bolete,p,"[8, 14]",[x],[e],"[n, y]",[t],[p],,"[o, e]","[5, 12]","[15, 40]",,,"[u, e]",,,[f],[f],,[d],"[u, a]"
Bolete_Family,Parasitic_Bolete,e,"[2, 5]",[x],"[d, k]",[n],[f],[p],,"[y, e, n]","[3, 6]","[8, 12]",,,"[n, y]",,,[f],[f],,[d],[a]
Bolete_Family,Bitter_Bolete,p,"[5, 14]","[x, p]",,[n],[f],[p],,"[w, p]","[6, 14]","[20, 40]",[c],,[n],,,[f],[f],"[p, w]",[d],"[u, a]"
Bolete_Family,Peppery_Bolete,e,"[3, 6]",[x],"[s, t]","[n, o]",[f],[p],,[n],"[3, 8]","[8, 15]",,,"[e, n]",,,[f],[f],,[d],"[u, a]"
Bolete_Family,Orange_Birch_Bolete,e,"[12, 25]","[p, x]",[d],"[n, o, e]",[f],[p],,"[w, n]","[12, 20]","[30, 40]",[s],[y],[w],,,[f],[f],,[d],"[u, a]"
Bolete_Family,Brown_Birch_Bolete,e,"[5, 10]",[x],,"[g, n]",[t],[p],,[g],"[8, 15]","[20, 30]",,[y],[w],,,[f],[f],,[d],"[u, a]"
Bolete_Family,Larch_Bolete,e,"[4, 12]",[x],"[t, h]",[y],[f],[p],,[y],"[5, 10]","[12, 18]",,,[y],,[y],[t],,,[d],"[u, a]"
Bolete_Family,Slippery_Jack,e,"[6, 12]",[x],"[t, h, s]",[n],[t],[p],,"[y, n]","[5, 10]","[15, 20]",,,[n],,[w],[t],[p],,[d],"[u, a]"
Bolete_Family,Shallow_pored_Bolete,e,"[4, 12]",[x],"[h, t]",[n],[f],[p],[d],[y],"[4, 10]","[10, 15]",,[s],[n],,,[f],[f],,"[g, h, d]","[u, a]"
Paxillus_Family,Brown_Roll_rim,p,"[7, 15]","[x, f, s]",[t],"[r, n]",[t],[d],[c],[n],"[4, 8]","[10, 20]",,,[n],,,[f],[f],,"[h, d]","[u, a]"
Paxillus_Family,Velvet_Roll_rim,p,"[8, 25]","[f, s]","[d, k, s]",[n],[f],[d],[c],[y],"[4, 8]","[20, 50]",,[k],"[k, n]",,,[f],[f],,[d],"[u, a]"
Paxillus_Family,False_Chanterelle,p,"[3, 8]",[s],[d],"[o, y]",[f],[d],[c],"[o, y]","[2, 5]","[5, 8]",,,"[o, y]",,,[f],[f],,"[h, d]","[u, a]"
Chanterelle_Family,Chanterelle,e,"[2, 10]","[x, f, s]",[w],[y],[f],[f],[f],[f],"[2, 8]","[8, 20]",,,[y],,,[f],[f],,[d],"[u, a]"
Chanterelle_Family,Tubed_Chanterelle,e,"[2, 5]",[s],,"[n, y]",[f],[f],[f],[f],"[5, 8]","[5, 10]",,,"[o, y]",,,[f],[f],,[d],[a]
Chanterelle_Family,Horn_of_Plenty,e,"[2, 8]","[s, o]",[l],[n],[f],[f],[f],[f],"[4, 10]","[20, 80]",,,[n],,,[f],[f],[g],"[l, d]","[u, a, w]"
Oyster Mushroom_Family,Oyster_Mushroom,e,"[5, 18]",[f],,"[l, g, b, w]",[f],[d],[c],"[w, y]","[2, 3]","[10, 20]",,,[w],,,[f],[f],,[d],"[a, w]"
Oyster Mushroom_Family,Branched_Oyster_Mushroom,e,"[5, 12]","[s, o]",,[n],[f],,,[w],"[2, 7]","[15, 30]",,,[n],,,[f],[f],,[d],"[u, a]"
Tricholoma_Family,Olive_brown_Panellus,p,"[3, 12]",[o],"[e, t, k]","[y, o, r, n]",[f],,[c],"[o, y]","[1, 2]","[10, 20]",,,"[y, n]",,,[f],[f],,[d],"[a, w]"
Crepidotus_Family,Soft_Slipper_Toadstool,p,"[2, 7]",[o],"[s, t]","[n, w]",[f],,[c],[w],[0],[0],[f],[f],[f],,,[f],[f],[n],[d],"[u, a]"
Hydnum_Family,Hedgehog_Fungus,e,"[6, 14]",[f],[e],[b],[f],,[c],[b],"[4, 6]","[15, 25]",,,[w],,,[t],[f],,[d],[a]
Ear_Pick_Family,Ear_pick_Fungus,p,"[1, 2]","[x, o]",[k],[n],[f],,,[n],"[2, 6]","[1, 2]",,,[n],,,[f],[f],,[d],"[s, u, a, w]"
Bracket_Fungi,Hairy_Stereum,p,"[2, 6]",[o],[s],"[y, o, g, n, r]",[f],[f],[f],[f],[0],[0],[f],[f],[f],,,[t],[f],,[d],"[s, u, a, w]"
Bracket_Fungi,Silver_Leaf_Fungus,p,"[2, 4]",[o],[l],[g],[f],[f],[f],[f],[0],[0],[f],[f],[f],,,[f],[f],,[d],"[s, u, a, w]"
Bracket_Fungi,Dryad's_Saddle,e,[50],[o],[y],[y],[f],[p],,[y],"[3, 10]","[10, 60]",,[k],"[k, n]",,,[f],[f],,[d],"[s, u]"
Bracket_Fungi,Fuzzy_Polypore,p,"[8, 30]","[f, x]","[g, s, d]","[o, e, n, k]",[f],[p],,[y],"[3, 8]","[20, 60]",,,[n],,,[f],[f],,[d],"[a, w]"
Bracket_Fungi,Brown_Goblet,p,"[3, 7]","[f, s]",[k],"[n, y]",[f],[p],,[n],"[2, 5]","[3, 8]",,[k],[n],,,[t],[f],,[d],[u]
Saddle_Cup_Family,White_Saddle,p,"[2, 6]",[o],,[w],[f],[f],[f],[f],"[4, 7]","[20, 40]",,[g],[w],,,[t],[f],,"[p, d]","[u, a]"
Bracket_Fungi,Elfin's_Saddle,p,"[2, 4]",[o],,"[g, k]",[f],[f],[f],[f],"[2, 5]","[10, 20]",,[g],"[g, n]",,,[f],[f],,[d],"[u, a]"
Bracket_Fungi,Turban_Fungus,p,"[5, 15]",[o],,"[n, e]",[f],[f],[f],[f],"[2, 5]","[20, 30]",,[g],[n],,,[f],[f],,[d],"[s, u]"
Morel_Family,Common_Morel,e,"[3, 8]","[p, c, o]",,"[n, g]",[f],[f],[f],[f],"[3, 8]","[15, 25]",,,[n],,,[f],[f],,"[l, d]",[s]
Jelly Discs_Family,Jelly_Babies,p,"[1, 1.5]","[x, f, s]",[s],[y],[f],[f],[f],[f],"[2, 5]","[4, 7]",,,[y],,,[f],[f],,[d],"[u, a]"